real_name,desc,created_date,subs
pics,"A place for pictures and photographs.",2008-01-24,29129771
funny,"Welcome to r/Funny, Reddit&#039;s largest humour depository.",2008-01-25,41514738
politics,"/r/Politics is for news and discussion about U.S. politics.",2007-08-06,8109612
gaming,"A subreddit for (almost) anything related to games - video games, board games, card games, etc. (but not sports).",2007-09-17,33385234
AskReddit,"r/AskReddit is the place to ask and answer thought-provoking questions.",2008-01-24,36333881
worldnews,"A place for major news from around the world, excluding US-internal news.",2008-01-24,29120191
videos,"Reddit&#039;s main subreddit for videos.

Please read the sidebar below for our rules.",2008-01-24,26503907
IAmA,"I Am A, where the mundane becomes fascinating and the outrageous suddenly seems normal.",2009-05-27,22129334
todayilearned,"You learn something new every day; what did you learn today?
Submit interesting and specific facts about something that you just found out here.",2008-12-28,28014338
WTF,"Things that make you say &quot;What the F*ck&quot;.",2008-01-25,6835894
aww,"Things that make you go AWW! Like puppies, bunnies, babies, and so on...

A place for really cute pictures and videos!",2008-01-25,31506952
centuryToilets,,2022-01-28,12
MilliebobbyBrownsNSFW,,2022-01-28,39
Cummins_Series,,2022-01-28,1
landstudios,,2022-01-28,1
paranavai,,2022-01-28,2
intensemovietrailers,,2022-01-28,1
Bluee1Animations,,2022-01-28,1
Agorist,"Community for Agorists without censorship.
--
Agorism is a libertarian social philosophy that advocates creating a society in which all relations between people are voluntary exchanges by means of counter-economics, engaging with aspects of nonviolent revolution.",2022-01-28,45
AEW_WWE,"Icons AEW_WWE",2022-01-28,2
JayFH,,2022-01-28,1
